elevation_z,forest_z,location,survey_num,count,wind_z
0.974415081553161,0.625983851961792,1,survey1,8,-0.387745429761708
-0.532835730817169,-0.117428604047745,2,survey1,2,-0.0474135251715779
0.563207583501935,0.234448210801929,3,survey1,0,0.00630296673625708
-0.255926436278969,0.461999816354364,4,survey1,3,-0.604139573406428
0.419210295192897,0.238088774029166,5,survey1,2,-0.460791022051126
-0.808761392254382,0.662706406321377,7,survey1,0,0.394698303658515
-0.980050767306238,-0.0478788572363555,8,survey1,5,-0.482136510778219
0.940640220884234,-0.137826572638005,9,survey1,0,-0.538751640822738
0.858294861391187,0.905079699587077,10,survey1,14,-0.0470003732480109
-0.265702313743532,0.512302573770285,11,survey1,2,0.814874305855483
-0.243939463049173,-0.649223806802183,12,survey1,0,0.877238605171442
0.722917839419097,0.861849821638316,13,survey1,3,0.737853238824755
-0.750083940569311,-0.176410022657365,14,survey1,1,0.159294137731195
0.482413828372955,-0.0813093134202063,15,survey1,1,-0.0716385436244309
0.0448452117852867,-0.570987317245454,16,survey1,0,0.0544121814891696
0.356767491903156,-0.348969302140176,17,survey1,0,0.454102422110736
0.856778007932007,0.860514876432717,19,survey1,19,-0.91816088790074
-0.600433269049972,-0.734654773958027,20,survey1,1,-0.0377358556725085
-0.333462246693671,0.732214919757098,21,survey1,0,0.746067971456796
-0.738369327969849,0.811787415295839,22,survey1,0,0.577762898057699
0.337028657086194,-0.0769862048327923,23,survey1,0,-0.575942457187921
0.00462807947769761,0.639877925626934,24,survey1,0,0.611159455496818
0.896978153847158,0.404219375457615,25,survey1,3,-0.628622188232839
0.815389354713261,-0.372392565011978,26,survey1,0,0.77307872986421
0.452118740882725,-0.974573045969009,27,survey1,0,0.661966281477362
0.760158402845264,-0.900231911800802,28,survey1,0,-0.176099217031151
0.169504163321108,-0.296615598257631,29,survey1,0,0.220139025244862
0.854027525056154,0.0968756615184247,30,survey1,0,-0.295405552256852
-0.170188338495791,-0.151878469157964,31,survey1,1,0.263998084235936
-0.646023960784078,-0.873290672898293,32,survey1,1,-0.036004934925586
0.844069853890687,0.681779832579196,33,survey1,0,0.791792458854616
0.972415215335786,0.266499241814017,34,survey1,0,0.614088418893516
0.163996830582619,-0.803456156514585,35,survey1,0,0.850096807815135
0.599565264303237,-0.690115769393742,36,survey1,0,-0.494011180941016
-0.560749288182706,0.251605663448572,37,survey1,0,0.0746983508579433
-0.711467539425939,-0.2817572359927,38,survey1,0,0.609433087985963
0.296508233528584,-0.822987611405551,39,survey1,0,0.952334488742054
-0.360755763482302,-0.210795431397855,40,survey1,1,-0.179490068927407
0.493737807497382,0.832549907267094,41,survey1,0,0.972929010633379
-0.344071844127029,0.998885068111122,42,survey1,0,0.17363088671118
-0.684055669233203,0.952273401431739,43,survey1,0,0.918022869154811
0.256061363499612,-0.384691905695945,44,survey1,0,0.993293538689613
-0.681282954290509,-0.0816525965929031,45,survey1,9,-0.972887176088989
0.849316620267928,0.508663373533636,46,survey1,1,0.357661736663431
-0.719071123749018,-0.933159349951893,47,survey1,2,-0.279475211631507
0.858985556755215,0.0427637412212789,48,survey1,0,-0.216890953015536
-0.825184818822891,0.97318563144654,49,survey1,0,0.332259426824749
-0.683461749460548,0.153523568995297,50,survey1,9,-0.935187252238393
-0.554479682818055,0.710817370098084,51,survey1,0,0.350103540346026
-0.72973020048812,-0.643584109842777,52,survey1,1,0.470797340851277
-0.689858714584261,0.246948076877743,54,survey1,2,-0.334547332488
0.803754618857056,0.0950340148992836,56,survey1,0,0.458089825697243
0.26721511548385,0.867618910968304,57,survey1,10,-0.573820868972689
0.847016879357398,0.433113563805819,58,survey1,5,-0.832591662183404
0.0171534419059753,0.913341510575265,59,survey1,2,0.339717392809689
0.042036070022732,0.96082522533834,60,survey1,5,-0.0871627014130354
0.532702381256968,0.864768414758146,61,survey1,0,0.918017517775297
-0.309268719516695,-0.440125088207424,62,survey1,0,0.0965617066249251
0.163750448729843,0.702836998738349,63,survey1,0,0.906039752531797
-0.995147013105452,-0.462324581574649,64,survey1,0,0.91238273261115
-0.136776723898947,0.213799015153199,65,survey1,2,-0.750456870999187
0.181721289642155,-0.244356049224734,66,survey1,0,-0.804534919559956
0.119534630794078,0.535589344333857,67,survey1,5,-0.598615144379437
-0.682565651834011,0.0409576604142785,68,survey1,2,-0.43318221764639
0.923459699843079,-0.788190525956452,69,survey1,0,0.558924091048539
0.494758662302047,0.108503777999431,70,survey1,0,0.111721000634134
-0.607333516702056,0.12765622837469,71,survey1,0,0.902971760369837
-0.608461496885866,0.419758694246411,72,survey1,0,0.5127511927858
-0.663391092792153,0.252893689088523,73,survey1,2,-0.155125346966088
-0.387092591729015,0.529785851947963,74,survey1,0,0.0900240284390748
-0.332773942034692,-0.652394843287766,76,survey1,1,-0.719734739046544
-0.372705933172256,-0.175305905751884,78,survey1,1,-0.468066152650863
-0.427939966786653,0.598186710849404,79,survey1,0,0.553503761533648
0.0704785492271185,-0.737575620878488,80,survey1,0,-0.124464387074113
-0.483522351365537,-0.444659401662648,81,survey1,5,-0.996688295155764
-0.927719720639288,0.751593365799636,82,survey1,0,-0.167268640827388
-0.354337802156806,-0.622249614913017,83,survey1,0,-0.279366479255259
-0.467562595847994,0.561792862135917,84,survey1,6,-0.553008874878287
0.995258157141507,0.164268491324037,85,survey1,0,0.239246404264122
0.15173707716167,-0.481562304310501,86,survey1,0,0.83395598968491
0.933202574960887,0.200413324870169,87,survey1,0,0.694281990174204
-0.0269243316724896,-0.936941620893776,88,survey1,0,0.212824991438538
-0.0356028093956411,-0.00497554801404476,89,survey1,1,-0.908934256527573
0.585660940501839,-0.507568915374577,90,survey1,0,-0.951202877331525
-0.0527654304169118,0.529948720242828,91,survey1,7,-0.594471878837794
-0.00388291804119945,0.912994356825948,92,survey1,5,0.301615910604596
0.96688508335501,-0.28748578671366,93,survey1,0,-0.593287362717092
-0.40105020115152,-0.429926737211645,94,survey1,1,-0.0847519808448851
0.724488980602473,-0.622781807556748,95,survey1,0,-0.3907375857234
-0.341852396726608,-0.0695810988545418,96,survey1,0,-0.080072739161551
-0.25452921865508,-0.163924681954086,97,survey1,0,0.908261799253523
0.84106654766947,0.872476412914693,98,survey1,20,-0.896969973109663
-0.221651588566601,0.803133614826948,99,survey1,0,0.519503789488226
-0.661511812824756,-0.150232085026801,100,survey1,3,-0.684079976286739
-0.461799652315676,-0.950436403974891,101,survey1,0,0.934426126535982
0.941823143512011,-0.0282755559310317,102,survey1,1,-0.350555591285229
0.749692333862186,0.914649222977459,103,survey1,9,-0.162790653761476
-0.608755020424724,-0.90688954340294,104,survey1,1,0.686796765308827
-0.316025141626596,0.417220692150295,106,survey1,6,-0.758483091834933
-0.0180174768902361,0.776069193612784,107,survey1,6,-0.225546105299145
0.228054462466389,-0.873154628556222,108,survey1,0,0.454029518645257
-0.892570383381099,-0.00360831478610635,109,survey1,1,0.709417066071183
-0.0610595322214067,0.669403411913663,110,survey1,0,0.741467555519193
0.641982630826533,-0.152233007363975,112,survey1,0,-0.461708101909608
0.928399714641273,0.483584599103779,113,survey1,0,0.224217752926052
-0.563217754941434,0.769303950015456,114,survey1,3,-0.542903180699796
-0.0356926918029785,0.707915938459337,115,survey1,6,-0.385245801880956
-0.517305975779891,-0.120805397629738,116,survey1,1,0.184266408905387
0.604727901518345,0.919530713930726,117,survey1,17,-0.784486265853047
0.396447495557368,0.159717029891908,119,survey1,0,0.592368578072637
0.618413212709129,0.181646076496691,120,survey1,0,0.206066875718534
-0.840469390619546,-0.919915972277522,121,survey1,1,0.410240002442151
0.385028327349573,-0.487788619007915,122,survey1,0,-0.72190884500742
-0.248062833212316,0.604836692567915,123,survey1,7,-0.793482657987624
0.583635380491614,-0.9897002549842,124,survey1,0,-0.0785713652148843
0.408561668824405,0.25762628344819,125,survey1,0,-0.517979300115258
-0.801849968731403,0.0153829259797931,126,survey1,0,0.445078546181321
-0.592048415448517,-0.588914766442031,127,survey1,4,-0.312465172261
-0.584659837651998,0.758127769455314,128,survey1,4,-0.21738925203681
0.362660354934633,-0.241269587539136,129,survey1,0,0.573629371356219
0.812351650092751,-0.227547514252365,130,survey1,0,-0.426630702335387
0.124470726586878,-0.21225369349122,131,survey1,1,-0.375526004005224
0.99380267970264,-0.432451016269624,132,survey1,0,-0.34681306546554
0.934963922016323,-0.792026150971651,133,survey1,0,-0.996289534959942
-0.541605169884861,-0.699700641911477,134,survey1,1,-0.327320475131273
-0.73041548486799,0.570445997174829,135,survey1,0,0.850662863347679
-0.132751762866974,0.803797630127519,136,survey1,2,0.269686435814947
-0.91928794560954,0.730737982783467,137,survey1,3,-0.70448129856959
0.883217699360102,-0.572495770640671,138,survey1,0,0.128100124187768
0.769035336561501,0.56688597984612,140,survey1,7,-0.537526049185544
0.635124444495887,-0.46223354106769,141,survey1,0,-0.883049777708948
-0.928399612661451,0.287543518468738,142,survey1,2,-0.11235440755263
-0.648752969689667,-0.509149860590696,143,survey1,0,0.718554487451911
0.799942397512496,0.906202065292746,144,survey1,18,-0.901522319763899
-0.654225775972009,0.236695433966815,145,survey1,0,0.439872696530074
-0.0189733789302409,-0.0334742851555347,146,survey1,0,0.873852304648608
-0.347888202872127,0.186313667334616,147,survey1,0,-0.226789339445531
0.308621091768146,0.353718359488994,148,survey1,1,0.133241544477642
0.669801214244217,0.404555987101048,149,survey1,1,0.332744230981916
-0.454932444728911,-0.586218711454421,151,survey1,0,0.0361212431453168
0.791842941660434,-0.525720009580255,152,survey1,0,0.763018267694861
-0.56107186852023,0.447773001156747,153,survey1,4,-0.910431070253253
0.0292175263166428,0.0515795769169927,154,survey1,2,-0.699416107032448
0.946839049458504,-0.745680375024676,155,survey1,0,-0.518937262706459
-0.901218324899673,-0.55196319706738,156,survey1,2,0.106617654208094
0.106237711384892,0.0934286015108228,157,survey1,0,0.608804251998663
0.840762454550713,0.999099076259881,158,survey1,27,-0.132628668565303
0.69909199513495,-0.548895232379437,160,survey1,0,-0.803608087357134
0.923207149840891,0.807908097747713,161,survey1,16,-0.329547853209078
-0.185709919314832,-0.00162610597908497,162,survey1,0,-0.237245190888643
0.676181851420552,0.0817698207683861,164,survey1,0,0.441518364474177
0.921346414834261,0.603349265642464,165,survey1,0,0.43856750568375
-0.180909126065671,0.0796515103429556,166,survey1,3,-0.681785104330629
0.538089946843684,0.493980098515749,167,survey1,1,0.14479599846527
-0.775387157220393,0.43156097503379,168,survey1,0,0.847257273737341
0.196632861625403,-0.959819891024381,169,survey1,0,0.0772304157726467
-0.293023711070418,-0.653898881282657,170,survey1,0,0.182338630314916
-0.475152516271919,0.415785946883261,171,survey1,1,-0.179065640550107
-0.818356307223439,-0.796623041853309,172,survey1,6,-0.420322450343519
0.694556788541377,-0.535888609942049,173,survey1,0,0.66052735503763
-0.361357829999179,-0.836574282031506,175,survey1,0,0.946316784247756
0.577485298272222,-0.759238278027624,176,survey1,0,-0.891367533709854
-0.480165883433074,-0.424249781761318,177,survey1,0,0.0913396738469601
0.708581523504108,-0.163001967594028,178,survey1,0,-0.0263375234790146
-0.152655171696097,0.0917142191901803,179,survey1,0,0.346259394194931
0.907550059258938,0.324452465865761,180,survey1,1,-0.181518430821598
-0.52234110282734,-0.874705460388213,181,survey1,0,0.322243034373969
-0.0309146651998162,-0.06845373660326,182,survey1,0,0.881677913479507
-0.705710843205452,0.623656871262938,183,survey1,0,0.1509103551507
0.559487673919648,0.90487205516547,184,survey1,11,-0.688631876837462
0.0437925979495049,0.574936871416867,185,survey1,2,-0.0670574870891869
-0.350708014797419,0.965009429957718,186,survey1,1,0.552548517938703
-0.0474456893280149,0.496776486746967,188,survey1,3,-0.344131792429835
0.487573427148163,-0.951700430829078,189,survey1,0,0.490609899628907
0.776875767391175,0.953355643432587,190,survey1,16,-0.248241788242012
0.804342720191926,-0.783836985938251,191,survey1,0,0.958410976920277
-0.247655984945595,0.900357841514051,192,survey1,10,-0.52377904066816
-0.626473583746702,-0.0656362571753562,193,survey1,1,0.771329967305064
0.498706364538521,-0.946695684920996,194,survey1,0,-0.00117103988304734
-0.202885515522212,0.885057087987661,195,survey1,4,-0.444677660707384
0.946348243393004,0.342350078746676,196,survey1,0,-0.0980945220217109
-0.872347087133676,-0.710559552069753,197,survey1,0,0.760524326004088
-0.398188193328679,0.090207704808563,199,survey1,4,-0.470426433254033
0.955821855925024,-0.491256676148623,200,survey1,0,-0.674667178187519
0.83704097988084,-0.304682849906385,201,survey1,0,-0.52960246661678
0.121640768833458,0.133515272289515,202,survey1,0,0.324476598296315
-0.948047901503742,-0.515117289498448,203,survey1,4,-0.123138913884759
-0.221645580604672,0.176784018054605,204,survey1,3,-0.206746230367571
0.598371175583452,-0.198336807545275,205,survey1,0,0.639111883472651
-0.0138830686919391,-0.404111967887729,206,survey1,1,-0.27442206023261
-0.318320517428219,-0.783755948301405,207,survey1,0,0.50102699873969
-0.522976757027209,-0.996404690202326,208,survey1,0,-0.49564169999212
0.0684908055700362,-0.395713974256068,209,survey1,0,0.554719869978726
-0.595470283646137,0.649590831715614,210,survey1,1,-0.545792513061315
-0.480030071455985,-0.427591795567423,211,survey1,1,-0.0995184672065079
0.707656093407422,-0.794279228430241,213,survey1,0,0.182479495182633
-0.588365729898214,0.837190248072147,214,survey1,0,0.900188083294779
0.265217675827444,-0.825371403247118,215,survey1,0,-0.00230078399181366
-0.0607585599645972,0.429734464734793,216,survey1,3,-0.293848659377545
0.404668557457626,0.815106027759612,217,survey1,8,-0.178186460398138
-0.978292364627123,0.27392660593614,218,survey1,0,0.469820790924132
-0.823906265199184,0.724042320623994,219,survey1,5,-0.311683191917837
0.956363432575017,-0.627466346602887,220,survey1,0,0.134036111645401
-0.0272678197361529,0.0845051892101765,221,survey1,0,-0.270652767736465
-0.389743144623935,-0.634466661605984,222,survey1,1,-0.107404321432114
0.527183544822037,0.172844837419689,223,survey1,0,-0.844597899820656
0.980680149979889,0.196083936840296,224,survey1,2,-0.301546068396419
0.135102168191224,-0.52591424388811,225,survey1,0,-0.924815216101706
-0.262204682454467,-0.55176944937557,226,survey1,0,-0.669996913522482
-0.883993949741125,-0.989758675452322,227,survey1,2,0.338370011653751
-0.00107234437018633,0.594007510691881,229,survey1,2,0.417291920166463
0.206120439339429,-0.085793231613934,230,survey1,0,0.3549161744304
0.657035453245044,0.718879980500788,231,survey1,4,-0.454471945762634
-0.703898669686168,-0.88195178238675,232,survey1,0,0.278746344614774
0.0569316665641964,0.294769180938602,233,survey1,0,0.166148257441819
-0.360012201126665,-0.564931131899357,234,survey1,4,-0.888820078223944
-0.177484806161374,0.63735109847039,235,survey1,0,0.561661778949201
0.487042763270438,0.127316628582776,236,survey1,1,-0.513127087149769
-0.820912938099355,0.511575629469007,237,survey1,0,0.829728591255844
0.329394150990993,-0.605761839076877,238,survey1,0,0.215969530399889
-0.253454937599599,0.00139888422563672,239,survey1,0,0.721287226770073
0.339326330926269,-0.489686911460012,240,survey1,0,0.148162459488958
-0.387195809278637,0.032527782022953,241,survey1,3,-0.819731753785163
0.475476987659931,0.993204909842461,242,survey1,7,0.478389641735703
-0.374208536464721,0.00888697570189834,243,survey1,2,-0.489703048020601
0.0360768865793943,0.377856669016182,244,survey1,0,0.890699598938227
-0.70733400201425,-0.365186749491841,246,survey1,0,0.596271578688175
-0.283676141407341,0.493372703902423,247,survey1,4,-0.895129560492933
-0.0378515380434692,0.724073949735612,249,survey1,10,-0.882201017811894
-0.596368355210871,-0.65900314040482,250,survey1,0,0.698730383068323
-0.14725951757282,0.40015005460009,251,survey1,2,-0.997986891772598
-0.305914956144989,-0.288996831513941,252,survey1,0,0.492916320916265
-0.66059979563579,-0.726285845041275,253,survey1,1,0.57300170045346
-0.919385319575667,-0.32792986324057,254,survey1,1,0.649409240111709
0.72152498876676,-0.677429968491197,255,survey1,0,-0.273579935077578
-0.576576457824558,-0.882968709338456,256,survey1,0,0.461964481975883
0.929915567860007,0.435453535523266,257,survey1,2,-0.0342751229181886
0.225962379015982,0.490046246908605,258,survey1,1,-0.438157273922116
-0.455791778862476,0.599075614940375,259,survey1,0,0.0196271217428148
0.00395296979695559,0.963411727920175,260,survey1,7,-0.663601983338594
-0.197098523378372,0.87393397744745,261,survey1,8,-0.302940148860216
-0.384876781143248,-0.775824352167547,262,survey1,3,-0.973807985894382
0.754853127524257,-0.554029356688261,263,survey1,0,-0.762405365239829
-0.623908783309162,-0.888362609315664,264,survey1,9,-0.881014933809638
0.27241932740435,-0.17042966093868,265,survey1,1,-0.442563469987363
-0.215373961254954,-0.502031796146184,266,survey1,1,0.51393991522491
-0.321403351612389,0.189865147694945,267,survey1,2,0.208865168038756
0.974415081553161,0.625983851961792,1,survey2,7,-0.79727166518569
-0.532835730817169,-0.117428604047745,2,survey2,7,-0.395291782449931
-0.255926436278969,0.461999816354364,4,survey2,3,-0.310674868524075
0.419210295192897,0.238088774029166,5,survey2,1,0.733655237592757
0.712910321541131,-0.228945976123214,6,survey2,0,0.582424767315388
-0.808761392254382,0.662706406321377,7,survey2,1,0.947022800333798
-0.980050767306238,-0.0478788572363555,8,survey2,0,0.893504031933844
0.940640220884234,-0.137826572638005,9,survey2,0,-0.967718520201743
0.858294861391187,0.905079699587077,10,survey2,22,-0.327523914631456
-0.265702313743532,0.512302573770285,11,survey2,8,-0.953976161312312
-0.243939463049173,-0.649223806802183,12,survey2,0,0.391862515825778
0.722917839419097,0.861849821638316,13,survey2,20,-0.733166576363146
-0.750083940569311,-0.176410022657365,14,survey2,1,-0.451705027371645
0.482413828372955,-0.0813093134202063,15,survey2,0,0.888717995025218
0.356767491903156,-0.348969302140176,17,survey2,0,-0.52970221824944
0.441684804391116,0.249774816446006,18,survey2,3,-0.975689692422748
0.856778007932007,0.860514876432717,19,survey2,17,-0.65104670310393
-0.600433269049972,-0.734654773958027,20,survey2,2,-0.775041825603694
-0.333462246693671,0.732214919757098,21,survey2,3,0.301674081012607
-0.738369327969849,0.811787415295839,22,survey2,0,0.570061449427158
0.337028657086194,-0.0769862048327923,23,survey2,0,-0.910791007336229
0.00462807947769761,0.639877925626934,24,survey2,0,0.436539021786302
0.896978153847158,0.404219375457615,25,survey2,0,0.502934265881777
0.452118740882725,-0.974573045969009,27,survey2,0,-0.512576021254063
0.760158402845264,-0.900231911800802,28,survey2,0,0.417153616901487
0.169504163321108,-0.296615598257631,29,survey2,2,-0.820905256550759
0.854027525056154,0.0968756615184247,30,survey2,0,-0.715386901050806
-0.170188338495791,-0.151878469157964,31,survey2,1,-0.36503761773929
-0.646023960784078,-0.873290672898293,32,survey2,4,-0.452681659255177
0.844069853890687,0.681779832579196,33,survey2,2,0.104957818519324
0.972415215335786,0.266499241814017,34,survey2,0,0.868732968810946
0.163996830582619,-0.803456156514585,35,survey2,0,0.594097306951881
0.599565264303237,-0.690115769393742,36,survey2,0,-0.646935786586255
-0.560749288182706,0.251605663448572,37,survey2,3,-0.599365523084998
0.296508233528584,-0.822987611405551,39,survey2,0,0.360665546264499
-0.360755763482302,-0.210795431397855,40,survey2,2,-0.0470544090494514
0.493737807497382,0.832549907267094,41,survey2,14,-0.790050172712654
-0.684055669233203,0.952273401431739,43,survey2,0,0.0354284169152379
0.256061363499612,-0.384691905695945,44,survey2,1,-0.0583612662740052
-0.681282954290509,-0.0816525965929031,45,survey2,7,-0.627570464275777
0.849316620267928,0.508663373533636,46,survey2,0,0.46922550862655
-0.719071123749018,-0.933159349951893,47,survey2,6,-0.729006700217724
0.858985556755215,0.0427637412212789,48,survey2,0,-0.79998319176957
-0.825184818822891,0.97318563144654,49,survey2,0,0.314344346523285
-0.554479682818055,0.710817370098084,51,survey2,0,0.274486748035997
-0.72973020048812,-0.643584109842777,52,survey2,2,0.204901490360498
0.991817755158991,0.517264903988689,53,survey2,2,-0.200514304917306
-0.689858714584261,0.246948076877743,54,survey2,3,-0.829547533299774
0.142084599006921,0.950549915898591,55,survey2,12,-0.465833080001175
0.803754618857056,0.0950340148992836,56,survey2,0,-0.751136873383075
0.26721511548385,0.867618910968304,57,survey2,1,0.695998789276928
0.847016879357398,0.433113563805819,58,survey2,1,-0.0323838763870299
0.0171534419059753,0.913341510575265,59,survey2,0,0.737459351308644
0.042036070022732,0.96082522533834,60,survey2,2,0.630408877972513
-0.309268719516695,-0.440125088207424,62,survey2,0,0.113307485822588
0.163750448729843,0.702836998738349,63,survey2,1,0.972134088631719
-0.995147013105452,-0.462324581574649,64,survey2,14,-0.681167328264564
-0.136776723898947,0.213799015153199,65,survey2,0,-0.745166105218232
0.181721289642155,-0.244356049224734,66,survey2,0,-0.297955146990716
0.119534630794078,0.535589344333857,67,survey2,6,-0.89449166553095
-0.682565651834011,0.0409576604142785,68,survey2,1,0.212063482496887
-0.607333516702056,0.12765622837469,71,survey2,3,-0.994136810768396
-0.663391092792153,0.252893689088523,73,survey2,8,-0.617909376975149
-0.387092591729015,0.529785851947963,74,survey2,3,-0.546609001234174
-0.332773942034692,-0.652394843287766,76,survey2,0,-0.624720907770097
-0.518572362605482,0.390258823987097,77,survey2,0,0.792969598434866
-0.372705933172256,-0.175305905751884,78,survey2,1,-0.220500259660184
-0.427939966786653,0.598186710849404,79,survey2,0,0.460208499338478
0.0704785492271185,-0.737575620878488,80,survey2,0,-0.557076100725681
-0.483522351365537,-0.444659401662648,81,survey2,0,0.849098130129278
-0.354337802156806,-0.622249614913017,83,survey2,0,0.343796836212277
-0.467562595847994,0.561792862135917,84,survey2,2,0.0206735259853303
0.995258157141507,0.164268491324037,85,survey2,0,0.25404776353389
0.15173707716167,-0.481562304310501,86,survey2,0,0.57165138470009
0.933202574960887,0.200413324870169,87,survey2,0,0.654703494627029
-0.0269243316724896,-0.936941620893776,88,survey2,0,0.21445718081668
-0.0356028093956411,-0.00497554801404476,89,survey2,1,-0.987259068991989
0.585660940501839,-0.507568915374577,90,survey2,0,-0.549783926457167
-0.0527654304169118,0.529948720242828,91,survey2,4,-0.423471284564585
-0.00388291804119945,0.912994356825948,92,survey2,10,-0.512609208934009
0.96688508335501,-0.28748578671366,93,survey2,0,-0.599710764829069
-0.40105020115152,-0.429926737211645,94,survey2,0,0.335613380651921
0.724488980602473,-0.622781807556748,95,survey2,0,-0.850959142670035
-0.341852396726608,-0.0695810988545418,96,survey2,3,-0.561718453187496
-0.25452921865508,-0.163924681954086,97,survey2,5,-0.801313898526132
0.84106654766947,0.872476412914693,98,survey2,7,0.337185784708709
-0.221651588566601,0.803133614826948,99,survey2,0,0.587854195386171
-0.661511812824756,-0.150232085026801,100,survey2,0,-0.0120081380009651
0.941823143512011,-0.0282755559310317,102,survey2,1,-0.786702605430037
0.749692333862186,0.914649222977459,103,survey2,12,-0.546091372147203
-0.608755020424724,-0.90688954340294,104,survey2,0,0.646251450758427
-0.595196841284633,0.58813445083797,105,survey2,0,0.940531740430743
-0.316025141626596,0.417220692150295,106,survey2,1,-0.0142985507845879
-0.0180174768902361,0.776069193612784,107,survey2,8,-0.816002692095935
0.228054462466389,-0.873154628556222,108,survey2,0,0.0766393644735217
-0.0610595322214067,0.669403411913663,110,survey2,1,-0.234317007940263
-0.304060659371316,0.727649949956685,111,survey2,4,-0.666678012348712
0.641982630826533,-0.152233007363975,112,survey2,0,0.786935158539563
0.928399714641273,0.483584599103779,113,survey2,5,-0.816517732571811
-0.563217754941434,0.769303950015456,114,survey2,0,0.907578010112047
-0.0356926918029785,0.707915938459337,115,survey2,1,0.438084330875427
-0.517305975779891,-0.120805397629738,116,survey2,1,0.332974103279412
0.604727901518345,0.919530713930726,117,survey2,4,0.241087449714541
-0.584650034550577,0.522340516094118,118,survey2,1,0.17417750088498
0.396447495557368,0.159717029891908,119,survey2,1,0.928335237316787
0.618413212709129,0.181646076496691,120,survey2,0,0.811705873347819
-0.840469390619546,-0.919915972277522,121,survey2,0,0.954212723299861
-0.248062833212316,0.604836692567915,123,survey2,7,-0.996560093015432
0.583635380491614,-0.9897002549842,124,survey2,0,0.489077474456281
0.408561668824405,0.25762628344819,125,survey2,0,0.678137935232371
-0.801849968731403,0.0153829259797931,126,survey2,0,0.258044332731515
-0.592048415448517,-0.588914766442031,127,survey2,4,-0.902530174702406
-0.584659837651998,0.758127769455314,128,survey2,5,-0.615509582683444
0.362660354934633,-0.241269587539136,129,survey2,0,0.216465228237212
0.812351650092751,-0.227547514252365,130,survey2,0,-0.514296271838248
0.124470726586878,-0.21225369349122,131,survey2,0,0.99829389853403
0.99380267970264,-0.432451016269624,132,survey2,0,-0.167055927682668
0.934963922016323,-0.792026150971651,133,survey2,0,-0.483813582919538
-0.541605169884861,-0.699700641911477,134,survey2,2,-0.28910687379539
-0.73041548486799,0.570445997174829,135,survey2,4,-0.0979773811995983
-0.132751762866974,0.803797630127519,136,survey2,0,0.951090381480753
-0.91928794560954,0.730737982783467,137,survey2,1,0.246735240332782
0.883217699360102,-0.572495770640671,138,survey2,0,-0.26465055346489
-0.110161398537457,0.264813144691288,139,survey2,1,0.295561228878796
0.769035336561501,0.56688597984612,140,survey2,8,-0.940972609445453
0.635124444495887,-0.46223354106769,141,survey2,0,-0.900572450831533
-0.928399612661451,0.287543518468738,142,survey2,0,0.360987552907318
-0.648752969689667,-0.509149860590696,143,survey2,1,0.284747409168631
0.799942397512496,0.906202065292746,144,survey2,4,0.568575175013393
-0.654225775972009,0.236695433966815,145,survey2,5,-0.959339611232281
-0.0189733789302409,-0.0334742851555347,146,survey2,0,0.639665292575955
-0.347888202872127,0.186313667334616,147,survey2,0,0.989656374789774
0.308621091768146,0.353718359488994,148,survey2,1,-0.983227688353509
0.669801214244217,0.404555987101048,149,survey2,0,0.717175234109163
-0.454932444728911,-0.586218711454421,151,survey2,2,-0.293339650146663
0.791842941660434,-0.525720009580255,152,survey2,0,0.554400743916631
0.0292175263166428,0.0515795769169927,154,survey2,2,-0.740646856836975
0.946839049458504,-0.745680375024676,155,survey2,0,-0.616864677052945
-0.901218324899673,-0.55196319706738,156,survey2,9,-0.361339312512428
0.106237711384892,0.0934286015108228,157,survey2,4,-0.49257703544572
0.840762454550713,0.999099076259881,158,survey2,43,-0.983872109558433
0.966184511315078,-0.212821157649159,159,survey2,0,-0.694721061736345
0.69909199513495,-0.548895232379437,160,survey2,0,-0.0448905271477997
0.923207149840891,0.807908097747713,161,survey2,17,-0.354571369942278
-0.185709919314832,-0.00162610597908497,162,survey2,1,0.57491767173633
0.315527739468962,-0.197243937756866,163,survey2,0,0.679789242800325
0.676181851420552,0.0817698207683861,164,survey2,0,-0.528578638099134
0.921346414834261,0.603349265642464,165,survey2,1,0.91310589807108
-0.180909126065671,0.0796515103429556,166,survey2,4,-0.80924339639023
0.538089946843684,0.493980098515749,167,survey2,5,-0.333491977769882
-0.775387157220393,0.43156097503379,168,survey2,1,0.175465299282223
0.196632861625403,-0.959819891024381,169,survey2,0,0.961147266440094
-0.293023711070418,-0.653898881282657,170,survey2,0,0.144356813747436
-0.818356307223439,-0.796623041853309,172,survey2,0,0.0243488806299865
0.694556788541377,-0.535888609942049,173,survey2,0,-0.0126731684431434
-0.33850285038352,0.835980221629143,174,survey2,3,-0.137325943913311
-0.361357829999179,-0.836574282031506,175,survey2,0,0.445991877000779
0.577485298272222,-0.759238278027624,176,survey2,0,0.0496998257003725
-0.480165883433074,-0.424249781761318,177,survey2,0,0.550474969204515
0.708581523504108,-0.163001967594028,178,survey2,0,-0.579130152240396
-0.152655171696097,0.0917142191901803,179,survey2,2,-0.419548870995641
-0.52234110282734,-0.874705460388213,181,survey2,0,0.0544088017195463
-0.0309146651998162,-0.06845373660326,182,survey2,0,0.0472212447784841
-0.705710843205452,0.623656871262938,183,survey2,1,0.575175447855145
0.559487673919648,0.90487205516547,184,survey2,1,0.813473721966147
-0.350708014797419,0.965009429957718,186,survey2,1,0.471866843290627
-0.938669880386442,-0.0508599248714745,187,survey2,1,0.179799170698971
-0.0474456893280149,0.496776486746967,188,survey2,4,-0.96901690820232
0.487573427148163,-0.951700430829078,189,survey2,0,-0.465440902393311
0.776875767391175,0.953355643432587,190,survey2,10,-0.0387003789655864
0.804342720191926,-0.783836985938251,191,survey2,0,-0.549272695090622
-0.247655984945595,0.900357841514051,192,survey2,0,0.923907058313489
-0.626473583746702,-0.0656362571753562,193,survey2,1,-0.553873271215707
0.498706364538521,-0.946695684920996,194,survey2,0,-0.296521275304258
-0.202885515522212,0.885057087987661,195,survey2,3,-0.334180769044906
0.946348243393004,0.342350078746676,196,survey2,0,0.508144274353981
-0.802248094696552,-0.777102139312774,198,survey2,0,-0.297428078949451
-0.398188193328679,0.090207704808563,199,survey2,2,-0.11794531904161
0.955821855925024,-0.491256676148623,200,survey2,0,-0.177348904311657
0.83704097988084,-0.304682849906385,201,survey2,0,0.668109707068652
0.121640768833458,0.133515272289515,202,survey2,0,0.80654600309208
-0.948047901503742,-0.515117289498448,203,survey2,0,0.32612708536908
-0.221645580604672,0.176784018054605,204,survey2,0,0.568407955113798
0.598371175583452,-0.198336807545275,205,survey2,0,0.326650884468108
-0.0138830686919391,-0.404111967887729,206,survey2,0,0.918961323797703
-0.318320517428219,-0.783755948301405,207,survey2,0,-0.294671180658042
0.0684908055700362,-0.395713974256068,209,survey2,1,-0.746279346290976
-0.595470283646137,0.649590831715614,210,survey2,3,-0.790366364177316
-0.480030071455985,-0.427591795567423,211,survey2,1,-0.351256254129112
0.429022651165724,0.865993897430599,212,survey2,10,-0.967880479525775
0.707656093407422,-0.794279228430241,213,survey2,0,0.559964411891997
-0.588365729898214,0.837190248072147,214,survey2,10,-0.535480591468513
-0.0607585599645972,0.429734464734793,216,survey2,5,-0.988104912918061
0.404668557457626,0.815106027759612,217,survey2,1,0.624602974392474
-0.978292364627123,0.27392660593614,218,survey2,0,0.953077139332891
-0.823906265199184,0.724042320623994,219,survey2,0,0.765211131423712
0.956363432575017,-0.627466346602887,220,survey2,0,0.218135452829301
-0.0272678197361529,0.0845051892101765,221,survey2,1,-0.757088960148394
0.527183544822037,0.172844837419689,223,survey2,0,-0.149735582526773
0.980680149979889,0.196083936840296,224,survey2,1,0.538041070103645
0.135102168191224,-0.52591424388811,225,survey2,0,0.827920034527779
-0.262204682454467,-0.55176944937557,226,survey2,0,-0.179988836403936
-0.883993949741125,-0.989758675452322,227,survey2,10,-0.455012829042971
-0.769011029973626,-0.848686062265188,228,survey2,0,0.933587194420397
-0.00107234437018633,0.594007510691881,229,survey2,6,-0.204471238423139
0.206120439339429,-0.085793231613934,230,survey2,0,-0.365769626107067
0.657035453245044,0.718879980500788,231,survey2,0,0.954410810954869
0.0569316665641964,0.294769180938602,233,survey2,5,-0.662341568153352
-0.360012201126665,-0.564931131899357,234,survey2,3,-0.54525305563584
-0.177484806161374,0.63735109847039,235,survey2,0,-0.0458763134665787
0.487042763270438,0.127316628582776,236,survey2,0,0.374635402578861
-0.820912938099355,0.511575629469007,237,survey2,1,0.153852175921202
0.329394150990993,-0.605761839076877,238,survey2,0,-0.577841881662607
-0.253454937599599,0.00139888422563672,239,survey2,0,0.104044357780367
0.339326330926269,-0.489686911460012,240,survey2,0,0.0175489392131567
-0.387195809278637,0.032527782022953,241,survey2,2,0.130910252220929
0.475476987659931,0.993204909842461,242,survey2,20,-0.0856942618265748
-0.374208536464721,0.00888697570189834,243,survey2,0,0.634905050974339
0.0360768865793943,0.377856669016182,244,survey2,1,0.243808685801923
0.0759261203929782,0.386089371982962,245,survey2,4,-0.579028935171664
-0.70733400201425,-0.365186749491841,246,survey2,1,0.0946472943760455
-0.283676141407341,0.493372703902423,247,survey2,0,0.0836818898096681
-0.00670192250981927,0.483868631068617,248,survey2,2,0.193628969602287
-0.0378515380434692,0.724073949735612,249,survey2,2,0.131457473151386
-0.596368355210871,-0.65900314040482,250,survey2,1,0.367228277493268
-0.14725951757282,0.40015005460009,251,survey2,0,0.876987932715565
-0.305914956144989,-0.288996831513941,252,survey2,0,0.747332541737706
-0.66059979563579,-0.726285845041275,253,survey2,3,-0.485405233222991
0.72152498876676,-0.677429968491197,255,survey2,0,0.486938274931163
-0.576576457824558,-0.882968709338456,256,survey2,2,-0.740503793116659
0.929915567860007,0.435453535523266,257,survey2,1,-0.365712025668472
0.225962379015982,0.490046246908605,258,survey2,0,0.758815455250442
-0.455791778862476,0.599075614940375,259,survey2,1,0.924355783965439
0.00395296979695559,0.963411727920175,260,survey2,1,0.0072762449271977
-0.197098523378372,0.87393397744745,261,survey2,12,-0.824829574674368
-0.384876781143248,-0.775824352167547,262,survey2,0,0.402087340597063
0.754853127524257,-0.554029356688261,263,survey2,0,-0.768928624223918
-0.623908783309162,-0.888362609315664,264,survey2,7,-0.875545766670257
0.27241932740435,-0.17042966093868,265,survey2,1,-0.437540612183511
-0.215373961254954,-0.502031796146184,266,survey2,0,0.363754631951451
-0.321403351612389,0.189865147694945,267,survey2,1,0.100598105229437
0.974415081553161,0.625983851961792,1,survey3,6,-0.405938849784434
-0.532835730817169,-0.117428604047745,2,survey3,2,0.177689992357045
0.563207583501935,0.234448210801929,3,survey3,3,-0.292568597476929
-0.255926436278969,0.461999816354364,4,survey3,1,0.33827565331012
0.419210295192897,0.238088774029166,5,survey3,0,0.639526579063386
0.712910321541131,-0.228945976123214,6,survey3,0,0.402624242939055
-0.808761392254382,0.662706406321377,7,survey3,10,-0.940703730564564
-0.980050767306238,-0.0478788572363555,8,survey3,0,0.648832457605749
0.940640220884234,-0.137826572638005,9,survey3,0,-0.656212936155498
0.858294861391187,0.905079699587077,10,survey3,5,0.523292565252632
-0.265702313743532,0.512302573770285,11,survey3,0,0.731880283914506
-0.243939463049173,-0.649223806802183,12,survey3,1,-0.743383249733597
0.722917839419097,0.861849821638316,13,survey3,16,-0.261054821312428
-0.750083940569311,-0.176410022657365,14,survey3,0,0.0585278677754104
0.482413828372955,-0.0813093134202063,15,survey3,0,0.817939517553896
0.356767491903156,-0.348969302140176,17,survey3,0,0.33503927802667
0.441684804391116,0.249774816446006,18,survey3,2,-0.588078652042896
0.856778007932007,0.860514876432717,19,survey3,9,0.0635883403010666
-0.600433269049972,-0.734654773958027,20,survey3,0,-0.0607421826571226
-0.333462246693671,0.732214919757098,21,survey3,6,-0.81096313893795
-0.738369327969849,0.811787415295839,22,survey3,0,0.858719976618886
0.337028657086194,-0.0769862048327923,23,survey3,0,0.395712893456221
0.00462807947769761,0.639877925626934,24,survey3,2,0.89265649067238
0.896978153847158,0.404219375457615,25,survey3,1,0.790513425599784
0.815389354713261,-0.372392565011978,26,survey3,0,-0.514275837223977
0.452118740882725,-0.974573045969009,27,survey3,0,-0.308429927099496
0.169504163321108,-0.296615598257631,29,survey3,2,-0.588205965235829
0.854027525056154,0.0968756615184247,30,survey3,0,-0.924094846472144
-0.170188338495791,-0.151878469157964,31,survey3,0,0.541226415894926
-0.646023960784078,-0.873290672898293,32,survey3,2,0.428581602871418
0.844069853890687,0.681779832579196,33,survey3,1,0.0401686034165323
0.163996830582619,-0.803456156514585,35,survey3,0,-0.10073290579021
0.599565264303237,-0.690115769393742,36,survey3,0,-0.384227152448148
-0.560749288182706,0.251605663448572,37,survey3,0,0.706490368582308
-0.360755763482302,-0.210795431397855,40,survey3,1,0.30769775249064
0.493737807497382,0.832549907267094,41,survey3,6,0.16963706491515
-0.684055669233203,0.952273401431739,43,survey3,6,-0.476687164511532
0.256061363499612,-0.384691905695945,44,survey3,1,-0.297438069712371
-0.681282954290509,-0.0816525965929031,45,survey3,4,-0.431866517290473
0.849316620267928,0.508663373533636,46,survey3,2,-0.507871201727539
-0.719071123749018,-0.933159349951893,47,survey3,1,-0.403680115006864
0.858985556755215,0.0427637412212789,48,survey3,0,0.174856561701745
-0.683461749460548,0.153523568995297,50,survey3,0,0.53625007160008
-0.554479682818055,0.710817370098084,51,survey3,2,-0.291996402200311
-0.72973020048812,-0.643584109842777,52,survey3,1,0.711000457406044
0.991817755158991,0.517264903988689,53,survey3,0,0.854582399595529
-0.689858714584261,0.246948076877743,54,survey3,0,0.309137519448996
0.142084599006921,0.950549915898591,55,survey3,8,-0.303142500575632
0.803754618857056,0.0950340148992836,56,survey3,0,-0.875525353476405
0.26721511548385,0.867618910968304,57,survey3,11,-0.832244493532926
0.847016879357398,0.433113563805819,58,survey3,1,0.622659305576235
0.0171534419059753,0.913341510575265,59,survey3,1,0.47326136380434
0.042036070022732,0.96082522533834,60,survey3,9,-0.320437558460981
0.532702381256968,0.864768414758146,61,survey3,5,0.326117779128253
-0.309268719516695,-0.440125088207424,62,survey3,3,-0.611159469466656
0.163750448729843,0.702836998738349,63,survey3,0,0.736667627934367
-0.995147013105452,-0.462324581574649,64,survey3,0,0.745470056310296
-0.136776723898947,0.213799015153199,65,survey3,1,-0.197715207468718
0.181721289642155,-0.244356049224734,66,survey3,0,-0.873144342098385
0.119534630794078,0.535589344333857,67,survey3,7,-0.598619591910392
-0.682565651834011,0.0409576604142785,68,survey3,0,0.06377515476197
0.923459699843079,-0.788190525956452,69,survey3,0,-0.626883154734969
0.494758662302047,0.108503777999431,70,survey3,0,-0.213230549357831
-0.607333516702056,0.12765622837469,71,survey3,0,0.74059819849208
-0.663391092792153,0.252893689088523,73,survey3,0,0.698327512014657
-0.387092591729015,0.529785851947963,74,survey3,4,-0.871837532147765
0.776943220291287,0.940073577221483,75,survey3,3,0.642895567696542
-0.518572362605482,0.390258823987097,77,survey3,0,-0.0531538086943328
0.0704785492271185,-0.737575620878488,80,survey3,0,0.148950955830514
-0.483522351365537,-0.444659401662648,81,survey3,0,0.498831827193499
-0.927719720639288,0.751593365799636,82,survey3,1,0.522684663534164
-0.354337802156806,-0.622249614913017,83,survey3,2,-0.295903843827546
-0.467562595847994,0.561792862135917,84,survey3,0,0.910454208031297
0.995258157141507,0.164268491324037,85,survey3,1,-0.704251428600401
0.15173707716167,-0.481562304310501,86,survey3,0,0.946048513520509
0.933202574960887,0.200413324870169,87,survey3,0,0.88935476122424
-0.0269243316724896,-0.936941620893776,88,survey3,0,-0.0832530534826219
-0.0356028093956411,-0.00497554801404476,89,survey3,0,0.0304795545525849
0.585660940501839,-0.507568915374577,90,survey3,0,0.758588423486799
-0.00388291804119945,0.912994356825948,92,survey3,0,0.826847196556628
0.96688508335501,-0.28748578671366,93,survey3,0,0.0638492298312485
-0.40105020115152,-0.429926737211645,94,survey3,3,-0.318493391387165
0.724488980602473,-0.622781807556748,95,survey3,0,0.196886583697051
-0.341852396726608,-0.0695810988545418,96,survey3,1,-0.122666636947542
-0.25452921865508,-0.163924681954086,97,survey3,5,-0.686487616971135
0.84106654766947,0.872476412914693,98,survey3,22,-0.774528169073165
-0.221651588566601,0.803133614826948,99,survey3,4,-0.171332638710737
-0.661511812824756,-0.150232085026801,100,survey3,0,0.758251642342657
0.941823143512011,-0.0282755559310317,102,survey3,1,-0.00213796040043235
0.749692333862186,0.914649222977459,103,survey3,0,0.979672781657428
-0.608755020424724,-0.90688954340294,104,survey3,2,-0.257903130725026
-0.316025141626596,0.417220692150295,106,survey3,0,0.410398171283305
-0.0180174768902361,0.776069193612784,107,survey3,3,-0.353933347854763
0.228054462466389,-0.873154628556222,108,survey3,0,-0.597180914133787
-0.892570383381099,-0.00360831478610635,109,survey3,2,0.0882010441273451
-0.0610595322214067,0.669403411913663,110,survey3,1,-0.0290695829316974
-0.304060659371316,0.727649949956685,111,survey3,3,0.356225498951972
0.641982630826533,-0.152233007363975,112,survey3,0,0.0982017680071294
0.928399714641273,0.483584599103779,113,survey3,1,0.715176765341312
-0.563217754941434,0.769303950015456,114,survey3,2,-0.461715676356107
-0.517305975779891,-0.120805397629738,116,survey3,5,-0.925541294272989
0.604727901518345,0.919530713930726,117,survey3,4,0.543372000567615
-0.584650034550577,0.522340516094118,118,survey3,1,0.263806437142193
0.396447495557368,0.159717029891908,119,survey3,1,-0.556379416026175
0.618413212709129,0.181646076496691,120,survey3,0,-0.986034200992435
-0.840469390619546,-0.919915972277522,121,survey3,0,0.440561747178435
0.385028327349573,-0.487788619007915,122,survey3,0,0.480834525544196
-0.248062833212316,0.604836692567915,123,survey3,5,-0.387155742384493
0.583635380491614,-0.9897002549842,124,survey3,0,-0.896853717975318
0.408561668824405,0.25762628344819,125,survey3,0,0.104950211010873
-0.801849968731403,0.0153829259797931,126,survey3,0,0.875124917365611
-0.592048415448517,-0.588914766442031,127,survey3,0,0.93755941838026
-0.584659837651998,0.758127769455314,128,survey3,0,0.163832046091557
0.362660354934633,-0.241269587539136,129,survey3,1,-0.222072036936879
0.812351650092751,-0.227547514252365,130,survey3,0,0.244667250663042
0.124470726586878,-0.21225369349122,131,survey3,0,0.800869267899543
0.99380267970264,-0.432451016269624,132,survey3,0,-0.579279687255621
0.934963922016323,-0.792026150971651,133,survey3,0,0.998619210906327
-0.541605169884861,-0.699700641911477,134,survey3,0,0.755952814593911
-0.132751762866974,0.803797630127519,136,survey3,6,-0.495273628737778
-0.91928794560954,0.730737982783467,137,survey3,0,0.849400184117258
0.883217699360102,-0.572495770640671,138,survey3,0,0.807907235808671
-0.110161398537457,0.264813144691288,139,survey3,0,0.783112882636488
0.769035336561501,0.56688597984612,140,survey3,0,0.143198873382062
0.635124444495887,-0.46223354106769,141,survey3,0,-0.831184038426727
-0.928399612661451,0.287543518468738,142,survey3,2,-0.384002826176584
-0.648752969689667,-0.509149860590696,143,survey3,7,-0.979968192521483
0.799942397512496,0.906202065292746,144,survey3,8,0.123722821474075
-0.654225775972009,0.236695433966815,145,survey3,2,-0.596631961409003
-0.0189733789302409,-0.0334742851555347,146,survey3,0,0.759054741356522
-0.347888202872127,0.186313667334616,147,survey3,1,-0.434331383556128
0.308621091768146,0.353718359488994,148,survey3,1,-0.462658090051264
0.669801214244217,0.404555987101048,149,survey3,3,-0.815066613256931
0.278024659957737,0.114288589451462,150,survey3,0,0.53830676805228
-0.454932444728911,-0.586218711454421,151,survey3,2,-0.441069864202291
0.791842941660434,-0.525720009580255,152,survey3,0,-0.56027490273118
-0.56107186852023,0.447773001156747,153,survey3,3,-0.0563308820128441
0.0292175263166428,0.0515795769169927,154,survey3,2,-0.161962706595659
0.946839049458504,-0.745680375024676,155,survey3,0,0.103340546600521
-0.901218324899673,-0.55196319706738,156,survey3,1,-0.137013881932944
0.106237711384892,0.0934286015108228,157,survey3,0,0.524415514431894
0.840762454550713,0.999099076259881,158,survey3,9,0.556499473750591
0.966184511315078,-0.212821157649159,159,survey3,0,-0.965036181733012
0.69909199513495,-0.548895232379437,160,survey3,0,0.455628125462681
0.923207149840891,0.807908097747713,161,survey3,10,0.0355078801512718
0.315527739468962,-0.197243937756866,163,survey3,0,-0.629199429880828
0.676181851420552,0.0817698207683861,164,survey3,0,-0.990291787311435
0.921346414834261,0.603349265642464,165,survey3,3,-0.32064226642251
-0.180909126065671,0.0796515103429556,166,survey3,0,0.45098870061338
0.538089946843684,0.493980098515749,167,survey3,1,0.676797092426568
-0.775387157220393,0.43156097503379,168,survey3,0,0.58073901059106
0.196632861625403,-0.959819891024381,169,survey3,0,-0.536578496452421
-0.293023711070418,-0.653898881282657,170,survey3,0,-0.724704761523753
-0.475152516271919,0.415785946883261,171,survey3,3,-0.8876444385387
-0.818356307223439,-0.796623041853309,172,survey3,1,0.0484902053140104
0.694556788541377,-0.535888609942049,173,survey3,0,0.442415951285511
-0.33850285038352,0.835980221629143,174,survey3,7,-0.57430431060493
0.577485298272222,-0.759238278027624,176,survey3,0,-0.350570000242442
-0.480165883433074,-0.424249781761318,177,survey3,0,0.344923275522888
0.708581523504108,-0.163001967594028,178,survey3,0,-0.0140257878229022
-0.152655171696097,0.0917142191901803,179,survey3,0,-0.384493403602392
0.907550059258938,0.324452465865761,180,survey3,1,-0.172359524294734
-0.52234110282734,-0.874705460388213,181,survey3,4,-0.839780914597213
-0.0309146651998162,-0.06845373660326,182,survey3,1,-0.910653453320265
-0.705710843205452,0.623656871262938,183,survey3,1,0.086596975568682
0.559487673919648,0.90487205516547,184,survey3,0,0.979118162766099
0.0437925979495049,0.574936871416867,185,survey3,2,0.474716786295176
-0.350708014797419,0.965009429957718,186,survey3,0,0.564010305330157
-0.938669880386442,-0.0508599248714745,187,survey3,0,0.0526348720304668
-0.0474456893280149,0.496776486746967,188,survey3,1,0.355652764905244
0.487573427148163,-0.951700430829078,189,survey3,0,0.956495952326804
0.776875767391175,0.953355643432587,190,survey3,18,-0.540916114579886
0.804342720191926,-0.783836985938251,191,survey3,0,0.492783427704126
-0.247655984945595,0.900357841514051,192,survey3,3,0.491612636949867
-0.626473583746702,-0.0656362571753562,193,survey3,3,-0.735185701400042
-0.202885515522212,0.885057087987661,195,survey3,4,-0.955024403054267
0.946348243393004,0.342350078746676,196,survey3,1,0.149068953469396
-0.872347087133676,-0.710559552069753,197,survey3,3,-0.37493816902861
-0.802248094696552,-0.777102139312774,198,survey3,1,0.317662402521819
-0.398188193328679,0.090207704808563,199,survey3,0,-0.00229055574163795
0.955821855925024,-0.491256676148623,200,survey3,0,-0.911010551732033
0.83704097988084,-0.304682849906385,201,survey3,0,-0.994409934617579
0.121640768833458,0.133515272289515,202,survey3,3,-0.971675905399024
-0.221645580604672,0.176784018054605,204,survey3,2,-0.215297993738204
0.598371175583452,-0.198336807545275,205,survey3,0,0.247655428014696
-0.318320517428219,-0.783755948301405,207,survey3,0,0.982666325289756
-0.522976757027209,-0.996404690202326,208,survey3,0,0.931677156127989
0.0684908055700362,-0.395713974256068,209,survey3,0,0.0899226893670857
-0.595470283646137,0.649590831715614,210,survey3,3,-0.939072403125465
-0.480030071455985,-0.427591795567423,211,survey3,4,-0.813706733286381
0.429022651165724,0.865993897430599,212,survey3,9,-0.455334813799709
0.707656093407422,-0.794279228430241,213,survey3,0,-0.739784709177911
-0.588365729898214,0.837190248072147,214,survey3,1,0.443426357582212
0.265217675827444,-0.825371403247118,215,survey3,0,0.550706550944597
-0.0607585599645972,0.429734464734793,216,survey3,4,-0.498058004770428
0.404668557457626,0.815106027759612,217,survey3,12,-0.718886379618198
-0.978292364627123,0.27392660593614,218,survey3,0,-0.257140580564737
0.956363432575017,-0.627466346602887,220,survey3,0,0.626582364086062
-0.389743144623935,-0.634466661605984,222,survey3,1,-0.149841765407473
0.527183544822037,0.172844837419689,223,survey3,0,-0.118225095793605
0.980680149979889,0.196083936840296,224,survey3,1,-0.369392736814916
0.135102168191224,-0.52591424388811,225,survey3,0,0.604541127104312
-0.262204682454467,-0.55176944937557,226,survey3,0,0.337792529724538
-0.883993949741125,-0.989758675452322,227,survey3,12,-0.351407444570214
-0.769011029973626,-0.848686062265188,228,survey3,3,-0.129450876731426
-0.00107234437018633,0.594007510691881,229,survey3,2,0.323738452978432
0.206120439339429,-0.085793231613934,230,survey3,0,-0.937923438847065
0.657035453245044,0.718879980500788,231,survey3,4,-0.127274284604937
-0.703898669686168,-0.88195178238675,232,survey3,0,0.990823181346059
0.0569316665641964,0.294769180938602,233,survey3,1,0.71115870308131
-0.360012201126665,-0.564931131899357,234,survey3,0,0.997331961989403
-0.177484806161374,0.63735109847039,235,survey3,5,-0.856455446686596
0.487042763270438,0.127316628582776,236,survey3,0,0.562193937599659
-0.820912938099355,0.511575629469007,237,survey3,0,0.335059508215636
0.329394150990993,-0.605761839076877,238,survey3,0,0.704984134528786
-0.253454937599599,0.00139888422563672,239,survey3,4,-0.511094333603978
0.339326330926269,-0.489686911460012,240,survey3,0,0.330485185608268
-0.387195809278637,0.032527782022953,241,survey3,2,-0.364386830013245
0.475476987659931,0.993204909842461,242,survey3,7,0.157736531458795
-0.374208536464721,0.00888697570189834,243,survey3,0,0.137406737077981
0.0360768865793943,0.377856669016182,244,survey3,0,0.662240004632622
0.0759261203929782,0.386089371982962,245,survey3,2,0.147517683915794
-0.70733400201425,-0.365186749491841,246,survey3,0,0.906270567793399
-0.283676141407341,0.493372703902423,247,survey3,1,-0.099430076777935
-0.00670192250981927,0.483868631068617,248,survey3,5,-0.916934585664421
-0.0378515380434692,0.724073949735612,249,survey3,4,-0.270511967130005
-0.596368355210871,-0.65900314040482,250,survey3,0,0.0430158362723887
-0.14725951757282,0.40015005460009,251,survey3,1,-0.396857941523194
-0.305914956144989,-0.288996831513941,252,survey3,0,0.816838084720075
-0.66059979563579,-0.726285845041275,253,survey3,2,-0.673556768335402
-0.919385319575667,-0.32792986324057,254,survey3,10,-0.896111253648996
0.72152498876676,-0.677429968491197,255,survey3,0,-0.639792330097407
-0.576576457824558,-0.882968709338456,256,survey3,1,-0.0640026200562716
0.929915567860007,0.435453535523266,257,survey3,2,-0.530211368110031
0.225962379015982,0.490046246908605,258,survey3,2,-0.636939781717956
-0.455791778862476,0.599075614940375,259,survey3,1,0.735361654311419
0.00395296979695559,0.963411727920175,260,survey3,2,-0.105314356740564
-0.197098523378372,0.87393397744745,261,survey3,9,-0.530784994829446
-0.384876781143248,-0.775824352167547,262,survey3,0,-0.263244253117591
-0.623908783309162,-0.888362609315664,264,survey3,5,-0.856171142309904
0.27241932740435,-0.17042966093868,265,survey3,1,-0.740519251674414
-0.215373961254954,-0.502031796146184,266,survey3,1,-0.332882906775922
-0.321403351612389,0.189865147694945,267,survey3,0,0.94066168833524
0.974415081553161,0.625983851961792,1,survey4,1,0.478724662214518
-0.532835730817169,-0.117428604047745,2,survey4,4,-0.158829738851637
0.563207583501935,0.234448210801929,3,survey4,2,-0.606274212244898
-0.255926436278969,0.461999816354364,4,survey4,1,-0.217075229156762
0.419210295192897,0.238088774029166,5,survey4,1,0.0590418661013246
0.712910321541131,-0.228945976123214,6,survey4,0,-0.973825920373201
-0.808761392254382,0.662706406321377,7,survey4,0,0.585801846347749
-0.980050767306238,-0.0478788572363555,8,survey4,4,0.0946703376248479
0.858294861391187,0.905079699587077,10,survey4,24,-0.869961292482913
-0.265702313743532,0.512302573770285,11,survey4,0,0.942310383543372
-0.243939463049173,-0.649223806802183,12,survey4,0,0.875603419728577
0.722917839419097,0.861849821638316,13,survey4,17,-0.446140854619443
-0.750083940569311,-0.176410022657365,14,survey4,1,-0.955965927336365
0.482413828372955,-0.0813093134202063,15,survey4,0,0.523626703768969
0.0448452117852867,-0.570987317245454,16,survey4,0,-0.557168076280505
0.356767491903156,-0.348969302140176,17,survey4,0,0.403821622021496
0.441684804391116,0.249774816446006,18,survey4,2,-0.950044088531286
0.856778007932007,0.860514876432717,19,survey4,12,-0.0421967762522399
-0.600433269049972,-0.734654773958027,20,survey4,0,0.299153932370245
-0.333462246693671,0.732214919757098,21,survey4,6,-0.766597767360508
-0.738369327969849,0.811787415295839,22,survey4,0,-0.263256029225886
0.337028657086194,-0.0769862048327923,23,survey4,0,0.629129562526941
0.00462807947769761,0.639877925626934,24,survey4,0,0.932110649999231
0.896978153847158,0.404219375457615,25,survey4,1,0.468485922086984
0.815389354713261,-0.372392565011978,26,survey4,0,-0.0127593027427793
0.452118740882725,-0.974573045969009,27,survey4,0,0.922368647996336
0.760158402845264,-0.900231911800802,28,survey4,0,-0.0232390561141074
0.169504163321108,-0.296615598257631,29,survey4,0,0.126468426547945
0.854027525056154,0.0968756615184247,30,survey4,0,-0.673573637381196
-0.170188338495791,-0.151878469157964,31,survey4,1,-0.956099539995193
-0.646023960784078,-0.873290672898293,32,survey4,0,0.793612041976303
0.844069853890687,0.681779832579196,33,survey4,0,0.751297883689404
0.972415215335786,0.266499241814017,34,survey4,1,-0.379503999836743
0.163996830582619,-0.803456156514585,35,survey4,0,0.486010779161006
0.599565264303237,-0.690115769393742,36,survey4,0,-0.677370318677276
-0.560749288182706,0.251605663448572,37,survey4,2,-0.0915864729322493
-0.711467539425939,-0.2817572359927,38,survey4,3,0.247263765428215
0.296508233528584,-0.822987611405551,39,survey4,0,0.730250807479024
-0.360755763482302,-0.210795431397855,40,survey4,0,0.666773770004511
0.493737807497382,0.832549907267094,41,survey4,3,0.0608654129318893
-0.344071844127029,0.998885068111122,42,survey4,6,-0.508555219043046
-0.684055669233203,0.952273401431739,43,survey4,1,-0.294981327839196
0.256061363499612,-0.384691905695945,44,survey4,1,-0.780269623268396
-0.681282954290509,-0.0816525965929031,45,survey4,5,-0.475937398150563
0.849316620267928,0.508663373533636,46,survey4,0,0.816822677385062
-0.719071123749018,-0.933159349951893,47,survey4,2,0.0281369984149933
0.858985556755215,0.0427637412212789,48,survey4,0,0.200438672211021
-0.825184818822891,0.97318563144654,49,survey4,3,0.0647188960574567
-0.683461749460548,0.153523568995297,50,survey4,0,0.409559848252684
-0.554479682818055,0.710817370098084,51,survey4,4,-0.63215471804142
-0.72973020048812,-0.643584109842777,52,survey4,0,0.466597993392497
0.991817755158991,0.517264903988689,53,survey4,4,-0.191804079338908
0.142084599006921,0.950549915898591,55,survey4,8,-0.211799019016325
0.803754618857056,0.0950340148992836,56,survey4,0,-0.831277967896313
0.26721511548385,0.867618910968304,57,survey4,12,-0.706536999437958
0.847016879357398,0.433113563805819,58,survey4,3,-0.427789932116866
0.0171534419059753,0.913341510575265,59,survey4,10,-0.984980294946581
0.042036070022732,0.96082522533834,60,survey4,2,0.153329048771411
0.532702381256968,0.864768414758146,61,survey4,8,-0.0241439193487167
-0.309268719516695,-0.440125088207424,62,survey4,0,0.439138548914343
0.163750448729843,0.702836998738349,63,survey4,8,-0.979378503747284
-0.995147013105452,-0.462324581574649,64,survey4,7,-0.186550172045827
-0.136776723898947,0.213799015153199,65,survey4,0,0.993612537626177
0.181721289642155,-0.244356049224734,66,survey4,0,0.121437108144164
0.119534630794078,0.535589344333857,67,survey4,6,-0.752911127172411
-0.682565651834011,0.0409576604142785,68,survey4,1,0.583632097113878
0.923459699843079,-0.788190525956452,69,survey4,0,-0.891111702658236
0.494758662302047,0.108503777999431,70,survey4,0,0.721624876838177
-0.607333516702056,0.12765622837469,71,survey4,1,0.0442841402254999
-0.608461496885866,0.419758694246411,72,survey4,0,0.48705215100199
-0.663391092792153,0.252893689088523,73,survey4,1,0.379376123659313
-0.387092591729015,0.529785851947963,74,survey4,1,0.375047545880079
0.776943220291287,0.940073577221483,75,survey4,3,0.640881189610809
-0.332773942034692,-0.652394843287766,76,survey4,0,0.316394891124219
-0.518572362605482,0.390258823987097,77,survey4,0,0.871024161577225
-0.372705933172256,-0.175305905751884,78,survey4,1,-0.0299463961273432
-0.427939966786653,0.598186710849404,79,survey4,0,0.805377049837261
0.0704785492271185,-0.737575620878488,80,survey4,0,-0.710234351921827
-0.483522351365537,-0.444659401662648,81,survey4,6,-0.665956269949675
-0.927719720639288,0.751593365799636,82,survey4,0,0.855404734611511
-0.354337802156806,-0.622249614913017,83,survey4,0,0.453843133989722
-0.467562595847994,0.561792862135917,84,survey4,3,-0.0342987226322293
0.995258157141507,0.164268491324037,85,survey4,1,-0.831774896476418
0.15173707716167,-0.481562304310501,86,survey4,0,0.068438823800534
0.933202574960887,0.200413324870169,87,survey4,0,0.800339044537395
-0.0269243316724896,-0.936941620893776,88,survey4,0,-0.0281003192067146
-0.0356028093956411,-0.00497554801404476,89,survey4,0,-0.580107822082937
0.585660940501839,-0.507568915374577,90,survey4,0,-0.288396982941777
-0.0527654304169118,0.529948720242828,91,survey4,5,-0.967320912051946
-0.00388291804119945,0.912994356825948,92,survey4,2,0.516051338519901
0.96688508335501,-0.28748578671366,93,survey4,0,-0.564945234451443
0.724488980602473,-0.622781807556748,95,survey4,0,-0.081783143337816
-0.341852396726608,-0.0695810988545418,96,survey4,2,-0.312268953770399
-0.25452921865508,-0.163924681954086,97,survey4,5,-0.662921870592982
0.84106654766947,0.872476412914693,98,survey4,9,0.017397774849087
-0.221651588566601,0.803133614826948,99,survey4,8,-0.533546598628163
-0.661511812824756,-0.150232085026801,100,survey4,4,-0.679336318280548
-0.461799652315676,-0.950436403974891,101,survey4,0,0.396972086746246
0.941823143512011,-0.0282755559310317,102,survey4,1,-0.635443868115544
0.749692333862186,0.914649222977459,103,survey4,16,-0.805271757766604
-0.608755020424724,-0.90688954340294,104,survey4,2,0.00778329838067293
-0.595196841284633,0.58813445083797,105,survey4,0,0.982035997789353
-0.316025141626596,0.417220692150295,106,survey4,2,-0.213626195676625
-0.0180174768902361,0.776069193612784,107,survey4,3,0.309443923644722
0.228054462466389,-0.873154628556222,108,survey4,0,0.477800994180143
-0.892570383381099,-0.00360831478610635,109,survey4,0,0.611220175400376
-0.0610595322214067,0.669403411913663,110,survey4,1,-0.398940246086568
-0.304060659371316,0.727649949956685,111,survey4,3,-0.352718021720648
0.641982630826533,-0.152233007363975,112,survey4,0,-0.683352821972221
0.928399714641273,0.483584599103779,113,survey4,2,0.319332181010395
-0.563217754941434,0.769303950015456,114,survey4,1,-0.125517247710377
-0.0356926918029785,0.707915938459337,115,survey4,1,0.342441936954856
-0.517305975779891,-0.120805397629738,116,survey4,4,-0.215813625138253
0.604727901518345,0.919530713930726,117,survey4,7,0.0493515739217401
-0.584650034550577,0.522340516094118,118,survey4,6,-0.736726696603
0.396447495557368,0.159717029891908,119,survey4,0,0.724016472697258
0.618413212709129,0.181646076496691,120,survey4,0,-0.989374509081244
0.385028327349573,-0.487788619007915,122,survey4,0,0.0998116447590292
-0.248062833212316,0.604836692567915,123,survey4,5,-0.320353982038796
0.583635380491614,-0.9897002549842,124,survey4,0,-0.0243318509310484
0.408561668824405,0.25762628344819,125,survey4,1,-0.378950882703066
-0.801849968731403,0.0153829259797931,126,survey4,2,-0.471091264858842
-0.592048415448517,-0.588914766442031,127,survey4,8,-0.798136337194592
-0.584659837651998,0.758127769455314,128,survey4,7,-0.606711646541953
0.812351650092751,-0.227547514252365,130,survey4,0,-0.48337216489017
0.124470726586878,-0.21225369349122,131,survey4,1,-0.125851220451295
0.99380267970264,-0.432451016269624,132,survey4,0,-0.680863054003567
0.934963922016323,-0.792026150971651,133,survey4,0,0.523919893894345
-0.541605169884861,-0.699700641911477,134,survey4,0,0.305750052910298
-0.73041548486799,0.570445997174829,135,survey4,1,-0.278979200404137
-0.132751762866974,0.803797630127519,136,survey4,0,0.76601033564657
-0.91928794560954,0.730737982783467,137,survey4,0,0.398879089858383
0.883217699360102,-0.572495770640671,138,survey4,0,-0.903714096173644
-0.110161398537457,0.264813144691288,139,survey4,1,-0.447332561016083
0.769035336561501,0.56688597984612,140,survey4,7,-0.486837635748088
-0.928399612661451,0.287543518468738,142,survey4,1,0.237189725972712
-0.648752969689667,-0.509149860590696,143,survey4,3,0.00289106462150812
0.799942397512496,0.906202065292746,144,survey4,17,-0.918707814067602
-0.654225775972009,0.236695433966815,145,survey4,1,0.395654045511037
-0.0189733789302409,-0.0334742851555347,146,survey4,2,-0.69559007557109
-0.347888202872127,0.186313667334616,147,survey4,1,-0.840846221894026
0.669801214244217,0.404555987101048,149,survey4,4,-0.605010656639934
0.278024659957737,0.114288589451462,150,survey4,1,-0.23039070237428
-0.454932444728911,-0.586218711454421,151,survey4,0,0.858015582896769
0.791842941660434,-0.525720009580255,152,survey4,0,-0.744033682625741
-0.56107186852023,0.447773001156747,153,survey4,0,-0.137278912123293
0.0292175263166428,0.0515795769169927,154,survey4,3,-0.685909310821444
-0.901218324899673,-0.55196319706738,156,survey4,0,0.840559163596481
0.106237711384892,0.0934286015108228,157,survey4,1,0.0314615028910339
0.840762454550713,0.999099076259881,158,survey4,2,0.90938647929579
0.966184511315078,-0.212821157649159,159,survey4,0,-0.631526207085699
0.69909199513495,-0.548895232379437,160,survey4,0,-0.739034027792513
0.923207149840891,0.807908097747713,161,survey4,11,-0.0272942590527236
-0.185709919314832,-0.00162610597908497,162,survey4,1,-0.823333612643182
0.315527739468962,-0.197243937756866,163,survey4,0,-0.973533013835549
0.676181851420552,0.0817698207683861,164,survey4,0,0.0193257830105722
0.921346414834261,0.603349265642464,165,survey4,2,-0.858214977197349
-0.180909126065671,0.0796515103429556,166,survey4,0,0.592385785654187
0.538089946843684,0.493980098515749,167,survey4,2,0.0957939526997507
-0.775387157220393,0.43156097503379,168,survey4,2,-0.100184181239456
0.196632861625403,-0.959819891024381,169,survey4,0,-0.479540484491736
-0.293023711070418,-0.653898881282657,170,survey4,0,-0.464324549771845
-0.475152516271919,0.415785946883261,171,survey4,1,0.571277586743236
-0.818356307223439,-0.796623041853309,172,survey4,7,-0.756286900956184
0.694556788541377,-0.535888609942049,173,survey4,0,-0.246516285464168
-0.33850285038352,0.835980221629143,174,survey4,0,0.578064556233585
-0.361357829999179,-0.836574282031506,175,survey4,1,0.234436651226133
0.577485298272222,-0.759238278027624,176,survey4,0,0.727260964456946
0.708581523504108,-0.163001967594028,178,survey4,0,0.768869435414672
-0.152655171696097,0.0917142191901803,179,survey4,1,-0.817743809428066
0.907550059258938,0.324452465865761,180,survey4,0,0.595074962824583
-0.0309146651998162,-0.06845373660326,182,survey4,0,0.881262272130698
-0.705710843205452,0.623656871262938,183,survey4,0,-0.184780332725495
0.559487673919648,0.90487205516547,184,survey4,8,0.0404617511667311
0.0437925979495049,0.574936871416867,185,survey4,7,-0.673626467119902
-0.350708014797419,0.965009429957718,186,survey4,3,0.031548063736409
-0.938669880386442,-0.0508599248714745,187,survey4,10,-0.772645716089755
-0.0474456893280149,0.496776486746967,188,survey4,0,0.989917991217226
0.487573427148163,-0.951700430829078,189,survey4,0,-0.501939311623573
0.776875767391175,0.953355643432587,190,survey4,14,-0.285483629442751
0.804342720191926,-0.783836985938251,191,survey4,0,0.439326940104365
-0.247655984945595,0.900357841514051,192,survey4,5,-0.400391715578735
-0.626473583746702,-0.0656362571753562,193,survey4,0,0.0230338266119361
0.498706364538521,-0.946695684920996,194,survey4,0,-0.889885331504047
-0.202885515522212,0.885057087987661,195,survey4,2,-0.736931944265962
0.946348243393004,0.342350078746676,196,survey4,0,-0.144086679909378
-0.872347087133676,-0.710559552069753,197,survey4,8,-0.694025476463139
-0.802248094696552,-0.777102139312774,198,survey4,5,-0.665273481514305
-0.398188193328679,0.090207704808563,199,survey4,0,0.430584182497114
0.955821855925024,-0.491256676148623,200,survey4,0,0.821617941372097
0.121640768833458,0.133515272289515,202,survey4,2,-0.508851966820657
-0.948047901503742,-0.515117289498448,203,survey4,1,0.491905421484262
-0.221645580604672,0.176784018054605,204,survey4,7,-0.976640751585364
0.598371175583452,-0.198336807545275,205,survey4,0,-0.776183091104031
-0.0138830686919391,-0.404111967887729,206,survey4,0,0.0990357357077301
-0.318320517428219,-0.783755948301405,207,survey4,0,-0.820887617766857
-0.522976757027209,-0.996404690202326,208,survey4,3,-0.214550066273659
0.0684908055700362,-0.395713974256068,209,survey4,1,-0.699990788474679
-0.595470283646137,0.649590831715614,210,survey4,3,-0.226096732541919
-0.480030071455985,-0.427591795567423,211,survey4,1,-0.734908281359822
0.429022651165724,0.865993897430599,212,survey4,6,-0.0815019370056689
0.707656093407422,-0.794279228430241,213,survey4,0,0.185181446373463
-0.588365729898214,0.837190248072147,214,survey4,9,-0.847585620358586
0.265217675827444,-0.825371403247118,215,survey4,0,-0.252945709507912
-0.0607585599645972,0.429734464734793,216,survey4,1,0.789567586500198
0.404668557457626,0.815106027759612,217,survey4,5,0.300992083270103
-0.978292364627123,0.27392660593614,218,survey4,1,-0.00485532265156508
-0.823906265199184,0.724042320623994,219,survey4,9,-0.912502352613956
0.956363432575017,-0.627466346602887,220,survey4,0,-0.321667928714305
-0.0272678197361529,0.0845051892101765,221,survey4,1,-0.860400740988553
-0.389743144623935,-0.634466661605984,222,survey4,1,-0.456100605428219
0.527183544822037,0.172844837419689,223,survey4,0,-0.18051167903468
0.980680149979889,0.196083936840296,224,survey4,2,-0.46531425556168
0.135102168191224,-0.52591424388811,225,survey4,0,0.522797462064773
-0.262204682454467,-0.55176944937557,226,survey4,0,0.607748543377966
-0.883993949741125,-0.989758675452322,227,survey4,0,0.602933772839606
-0.769011029973626,-0.848686062265188,228,survey4,2,0.143197041936219
-0.00107234437018633,0.594007510691881,229,survey4,3,0.149741068016738
0.206120439339429,-0.085793231613934,230,survey4,0,0.5453728325665
0.657035453245044,0.718879980500788,231,survey4,2,0.487657267134637
-0.703898669686168,-0.88195178238675,232,survey4,5,-0.703014069702476
0.0569316665641964,0.294769180938602,233,survey4,5,-0.403262359090149
-0.360012201126665,-0.564931131899357,234,survey4,0,0.417443516198546
-0.177484806161374,0.63735109847039,235,survey4,4,-0.806363477837294
0.487042763270438,0.127316628582776,236,survey4,0,0.378602239303291
-0.820912938099355,0.511575629469007,237,survey4,1,0.606745312456042
0.329394150990993,-0.605761839076877,238,survey4,0,-0.568363334517926
-0.253454937599599,0.00139888422563672,239,survey4,2,-0.337635236326605
0.339326330926269,-0.489686911460012,240,survey4,0,-0.170830380171537
0.475476987659931,0.993204909842461,242,survey4,2,0.854115207213908
-0.374208536464721,0.00888697570189834,243,survey4,0,0.455234387423843
0.0360768865793943,0.377856669016182,244,survey4,3,-0.72048310097307
0.0759261203929782,0.386089371982962,245,survey4,1,-0.140040670521557
-0.70733400201425,-0.365186749491841,246,survey4,0,0.895906742662191
-0.283676141407341,0.493372703902423,247,survey4,4,-0.552716305479407
-0.00670192250981927,0.483868631068617,248,survey4,3,0.0063068657182157
-0.0378515380434692,0.724073949735612,249,survey4,0,0.505185051355511
-0.596368355210871,-0.65900314040482,250,survey4,3,-0.886183740571141
-0.14725951757282,0.40015005460009,251,survey4,0,0.358121273573488
-0.305914956144989,-0.288996831513941,252,survey4,0,0.730804176535457
-0.66059979563579,-0.726285845041275,253,survey4,0,0.40244132746011
-0.919385319575667,-0.32792986324057,254,survey4,6,-0.681466744747013
0.72152498876676,-0.677429968491197,255,survey4,0,-0.237947593443096
-0.576576457824558,-0.882968709338456,256,survey4,0,0.784289536066353
0.929915567860007,0.435453535523266,257,survey4,2,-0.896322888322175
0.225962379015982,0.490046246908605,258,survey4,1,-0.114157823380083
-0.455791778862476,0.599075614940375,259,survey4,4,-0.781345209572464
-0.197098523378372,0.87393397744745,261,survey4,8,-0.164645888842642
-0.384876781143248,-0.775824352167547,262,survey4,2,-0.648492843378335
0.754853127524257,-0.554029356688261,263,survey4,0,-0.101180784869939
-0.623908783309162,-0.888362609315664,264,survey4,0,0.800794974900782
0.27241932740435,-0.17042966093868,265,survey4,1,0.942181454971433
-0.215373961254954,-0.502031796146184,266,survey4,0,0.809712667483836
-0.321403351612389,0.189865147694945,267,survey4,1,-0.382847068365663
-0.532835730817169,-0.117428604047745,2,survey5,7,-0.45695629529655
0.563207583501935,0.234448210801929,3,survey5,0,0.764376183971763
-0.255926436278969,0.461999816354364,4,survey5,3,-0.697759913280606
0.419210295192897,0.238088774029166,5,survey5,2,-0.698660071473569
0.712910321541131,-0.228945976123214,6,survey5,0,0.382740944158286
-0.808761392254382,0.662706406321377,7,survey5,3,0.146655422635376
-0.980050767306238,-0.0478788572363555,8,survey5,1,0.105434888973832
0.940640220884234,-0.137826572638005,9,survey5,0,-0.701561847701669
0.858294861391187,0.905079699587077,10,survey5,26,-0.426190467085689
-0.265702313743532,0.512302573770285,11,survey5,5,-0.423154082149267
-0.243939463049173,-0.649223806802183,12,survey5,1,-0.482206595130265
0.722917839419097,0.861849821638316,13,survey5,16,-0.534599082544446
-0.750083940569311,-0.176410022657365,14,survey5,0,0.259193006902933
0.482413828372955,-0.0813093134202063,15,survey5,1,-0.990069708786905
0.356767491903156,-0.348969302140176,17,survey5,0,0.906633950769901
0.441684804391116,0.249774816446006,18,survey5,1,0.272184069268405
0.856778007932007,0.860514876432717,19,survey5,7,0.173321730922908
-0.600433269049972,-0.734654773958027,20,survey5,1,-0.0998942065052688
-0.333462246693671,0.732214919757098,21,survey5,2,-0.525952653028071
-0.738369327969849,0.811787415295839,22,survey5,0,0.350394397508353
0.337028657086194,-0.0769862048327923,23,survey5,0,-0.00300888391211629
0.00462807947769761,0.639877925626934,24,survey5,0,0.959051763638854
0.896978153847158,0.404219375457615,25,survey5,3,-0.192571984604001
0.815389354713261,-0.372392565011978,26,survey5,0,-0.519740326795727
0.452118740882725,-0.974573045969009,27,survey5,0,0.177166620269418
0.760158402845264,-0.900231911800802,28,survey5,0,-0.712233105674386
0.854027525056154,0.0968756615184247,30,survey5,0,-0.116391664370894
-0.170188338495791,-0.151878469157964,31,survey5,1,-0.0334867173805833
-0.646023960784078,-0.873290672898293,32,survey5,10,-0.686736057978123
0.844069853890687,0.681779832579196,33,survey5,2,0.305289166048169
0.972415215335786,0.266499241814017,34,survey5,1,-0.0720500745810568
0.163996830582619,-0.803456156514585,35,survey5,0,-0.226806475315243
0.599565264303237,-0.690115769393742,36,survey5,0,-0.608043391257525
-0.711467539425939,-0.2817572359927,38,survey5,1,0.55359440902248
0.296508233528584,-0.822987611405551,39,survey5,0,0.0945120011456311
-0.360755763482302,-0.210795431397855,40,survey5,4,-0.534792395308614
0.493737807497382,0.832549907267094,41,survey5,7,-0.315311959944665
-0.344071844127029,0.998885068111122,42,survey5,9,-0.646754380315542
0.256061363499612,-0.384691905695945,44,survey5,1,-0.592603482306004
-0.681282954290509,-0.0816525965929031,45,survey5,4,-0.661514474079013
0.849316620267928,0.508663373533636,46,survey5,1,0.218722042627633
-0.719071123749018,-0.933159349951893,47,survey5,8,-0.953850920312107
0.858985556755215,0.0427637412212789,48,survey5,0,0.18451148737222
-0.825184818822891,0.97318563144654,49,survey5,4,-0.838649003300816
-0.683461749460548,0.153523568995297,50,survey5,0,0.567651783581823
-0.554479682818055,0.710817370098084,51,survey5,0,0.0786531628109515
-0.72973020048812,-0.643584109842777,52,survey5,5,-0.500723000615835
0.991817755158991,0.517264903988689,53,survey5,0,0.695335637778044
0.142084599006921,0.950549915898591,55,survey5,9,-0.296971599571407
0.803754618857056,0.0950340148992836,56,survey5,0,0.201346305198967
0.26721511548385,0.867618910968304,57,survey5,10,-0.938734955620021
0.847016879357398,0.433113563805819,58,survey5,1,0.987146790139377
0.0171534419059753,0.913341510575265,59,survey5,2,0.39003573032096
0.042036070022732,0.96082522533834,60,survey5,11,-0.603067945688963
0.532702381256968,0.864768414758146,61,survey5,0,0.956281819846481
-0.309268719516695,-0.440125088207424,62,survey5,0,0.826293944381177
0.163750448729843,0.702836998738349,63,survey5,9,-0.700989249162376
-0.995147013105452,-0.462324581574649,64,survey5,0,0.984690983314067
-0.136776723898947,0.213799015153199,65,survey5,0,0.876967798918486
0.181721289642155,-0.244356049224734,66,survey5,0,-0.908058688975871
0.119534630794078,0.535589344333857,67,survey5,1,-0.0258242269046605
-0.682565651834011,0.0409576604142785,68,survey5,5,-0.644589939154685
0.923459699843079,-0.788190525956452,69,survey5,0,-0.506663246080279
0.494758662302047,0.108503777999431,70,survey5,0,0.472860146779567
-0.607333516702056,0.12765622837469,71,survey5,2,-0.239450435619801
-0.608461496885866,0.419758694246411,72,survey5,0,0.755337822251022
-0.663391092792153,0.252893689088523,73,survey5,0,0.443975780624896
-0.387092591729015,0.529785851947963,74,survey5,0,0.459763636812568
0.776943220291287,0.940073577221483,75,survey5,31,-0.756969266571105
-0.332773942034692,-0.652394843287766,76,survey5,0,0.468653445132077
-0.518572362605482,0.390258823987097,77,survey5,2,-0.7953060278669
-0.372705933172256,-0.175305905751884,78,survey5,1,-0.0699828038923442
-0.427939966786653,0.598186710849404,79,survey5,3,-0.380892699584365
0.0704785492271185,-0.737575620878488,80,survey5,0,-0.385100606363267
-0.483522351365537,-0.444659401662648,81,survey5,0,0.463044539093971
-0.927719720639288,0.751593365799636,82,survey5,2,-0.439329967368394
-0.354337802156806,-0.622249614913017,83,survey5,0,0.691979719791561
-0.467562595847994,0.561792862135917,84,survey5,1,0.0605818666517735
0.15173707716167,-0.481562304310501,86,survey5,1,-0.361227207817137
0.933202574960887,0.200413324870169,87,survey5,1,0.419031638652086
-0.0269243316724896,-0.936941620893776,88,survey5,0,-0.942985501140356
-0.0356028093956411,-0.00497554801404476,89,survey5,0,0.726605822332203
0.585660940501839,-0.507568915374577,90,survey5,0,-0.924786205403507
-0.0527654304169118,0.529948720242828,91,survey5,0,0.154407946858555
-0.00388291804119945,0.912994356825948,92,survey5,13,-0.544489519670606
-0.40105020115152,-0.429926737211645,94,survey5,2,-0.195538524072617
0.724488980602473,-0.622781807556748,95,survey5,0,0.969455666374415
-0.341852396726608,-0.0695810988545418,96,survey5,2,-0.969421599060297
-0.25452921865508,-0.163924681954086,97,survey5,0,0.604207276832312
0.84106654766947,0.872476412914693,98,survey5,8,0.360651775728911
-0.221651588566601,0.803133614826948,99,survey5,8,-0.961709696333855
-0.661511812824756,-0.150232085026801,100,survey5,0,0.537387624848634
-0.461799652315676,-0.950436403974891,101,survey5,1,-0.514612956438214
0.941823143512011,-0.0282755559310317,102,survey5,1,-0.562380299437791
0.749692333862186,0.914649222977459,103,survey5,4,0.249034960288554
-0.608755020424724,-0.90688954340294,104,survey5,0,0.0379559751600027
-0.595196841284633,0.58813445083797,105,survey5,2,0.206265171989799
-0.316025141626596,0.417220692150295,106,survey5,5,-0.763612671289593
-0.0180174768902361,0.776069193612784,107,survey5,0,0.67609916254878
0.228054462466389,-0.873154628556222,108,survey5,0,-0.62295115320012
-0.892570383381099,-0.00360831478610635,109,survey5,8,-0.958360531367362
-0.304060659371316,0.727649949956685,111,survey5,1,-0.0596674871630967
0.641982630826533,-0.152233007363975,112,survey5,0,0.766507099382579
0.928399714641273,0.483584599103779,113,survey5,2,0.896561692468822
-0.563217754941434,0.769303950015456,114,survey5,3,-0.257361606229097
-0.0356926918029785,0.707915938459337,115,survey5,0,0.502100674901158
-0.517305975779891,-0.120805397629738,116,survey5,0,0.360262508969754
0.604727901518345,0.919530713930726,117,survey5,4,0.414144116919488
-0.584650034550577,0.522340516094118,118,survey5,6,-0.834460087586194
0.396447495557368,0.159717029891908,119,survey5,0,0.77580750733614
0.618413212709129,0.181646076496691,120,survey5,0,0.161887224297971
-0.840469390619546,-0.919915972277522,121,survey5,2,0.505637614522129
0.385028327349573,-0.487788619007915,122,survey5,0,0.816323501523584
-0.248062833212316,0.604836692567915,123,survey5,2,0.410062473267317
0.583635380491614,-0.9897002549842,124,survey5,0,-0.596821288112551
0.408561668824405,0.25762628344819,125,survey5,1,-0.993285527918488
-0.801849968731403,0.0153829259797931,126,survey5,2,0.252940492704511
-0.592048415448517,-0.588914766442031,127,survey5,0,0.212849186267704
-0.584659837651998,0.758127769455314,128,survey5,0,0.638251437805593
0.812351650092751,-0.227547514252365,130,survey5,0,-0.503289370797575
0.124470726586878,-0.21225369349122,131,survey5,0,-0.309030584059656
0.99380267970264,-0.432451016269624,132,survey5,0,-0.690733187366277
0.934963922016323,-0.792026150971651,133,survey5,0,0.447425535414368
-0.541605169884861,-0.699700641911477,134,survey5,2,-0.0833750325255096
-0.73041548486799,0.570445997174829,135,survey5,1,0.648134350776672
-0.132751762866974,0.803797630127519,136,survey5,8,-0.947081780526787
-0.91928794560954,0.730737982783467,137,survey5,3,-0.823770937044174
0.883217699360102,-0.572495770640671,138,survey5,0,0.300987892318517
-0.110161398537457,0.264813144691288,139,survey5,6,-0.483544125687331
0.769035336561501,0.56688597984612,140,survey5,8,-0.898394334129989
0.635124444495887,-0.46223354106769,141,survey5,0,0.177014231681824
-0.928399612661451,0.287543518468738,142,survey5,0,0.913393166847527
-0.648752969689667,-0.509149860590696,143,survey5,7,-0.596715745516121
0.799942397512496,0.906202065292746,144,survey5,13,-0.261130188126117
-0.654225775972009,0.236695433966815,145,survey5,1,0.921350965276361
-0.0189733789302409,-0.0334742851555347,146,survey5,2,-0.338583108503372
-0.347888202872127,0.186313667334616,147,survey5,2,0.0336309066042304
0.308621091768146,0.353718359488994,148,survey5,1,-0.73568869382143
0.669801214244217,0.404555987101048,149,survey5,4,-0.577576102688909
0.278024659957737,0.114288589451462,150,survey5,2,-0.0338853988796473
-0.454932444728911,-0.586218711454421,151,survey5,0,-0.28635100228712
0.791842941660434,-0.525720009580255,152,survey5,0,-0.899456206709147
-0.56107186852023,0.447773001156747,153,survey5,1,0.614210695959628
0.0292175263166428,0.0515795769169927,154,survey5,0,0.619255465455353
-0.901218324899673,-0.55196319706738,156,survey5,5,-0.0196674237959087
0.106237711384892,0.0934286015108228,157,survey5,1,0.290947998408228
0.966184511315078,-0.212821157649159,159,survey5,0,0.774120329879224
0.69909199513495,-0.548895232379437,160,survey5,0,0.376796155236661
0.923207149840891,0.807908097747713,161,survey5,17,-0.505990222096443
-0.185709919314832,-0.00162610597908497,162,survey5,0,-0.164463063236326
0.315527739468962,-0.197243937756866,163,survey5,0,0.553583333734423
0.676181851420552,0.0817698207683861,164,survey5,0,0.776039542630315
0.921346414834261,0.603349265642464,165,survey5,1,0.0731910443864763
-0.180909126065671,0.0796515103429556,166,survey5,0,0.78956633200869
0.538089946843684,0.493980098515749,167,survey5,1,0.240025016944855
-0.775387157220393,0.43156097503379,168,survey5,0,0.148739596363157
0.196632861625403,-0.959819891024381,169,survey5,0,0.407753112260252
-0.293023711070418,-0.653898881282657,170,survey5,0,-0.554165033157915
-0.475152516271919,0.415785946883261,171,survey5,0,0.031772792339325
-0.818356307223439,-0.796623041853309,172,survey5,7,-0.56538872141391
0.694556788541377,-0.535888609942049,173,survey5,0,-0.999264169018716
-0.33850285038352,0.835980221629143,174,survey5,3,-0.198805549181998
-0.361357829999179,-0.836574282031506,175,survey5,2,-0.766919411253184
0.577485298272222,-0.759238278027624,176,survey5,0,0.243461246602237
-0.480165883433074,-0.424249781761318,177,survey5,0,0.720602358691394
0.708581523504108,-0.163001967594028,178,survey5,0,-0.382083118427545
-0.152655171696097,0.0917142191901803,179,survey5,1,-0.558389598503709
0.907550059258938,0.324452465865761,180,survey5,1,-0.952421224210411
-0.52234110282734,-0.874705460388213,181,survey5,0,0.292661122046411
-0.0309146651998162,-0.06845373660326,182,survey5,0,0.0529876444488764
-0.705710843205452,0.623656871262938,183,survey5,0,0.486750680953264
0.559487673919648,0.90487205516547,184,survey5,12,-0.511638268362731
0.0437925979495049,0.574936871416867,185,survey5,5,-0.00400876579806209
-0.350708014797419,0.965009429957718,186,survey5,2,0.202123576775193
-0.938669880386442,-0.0508599248714745,187,survey5,1,0.561806480400264
-0.0474456893280149,0.496776486746967,188,survey5,0,0.327643742784858
0.487573427148163,-0.951700430829078,189,survey5,0,-0.452886633574963
0.776875767391175,0.953355643432587,190,survey5,11,0.135604438837618
0.804342720191926,-0.783836985938251,191,survey5,0,-0.0742615005001426
-0.247655984945595,0.900357841514051,192,survey5,9,-0.65636746166274
-0.626473583746702,-0.0656362571753562,193,survey5,0,0.424055150710046
0.498706364538521,-0.946695684920996,194,survey5,0,0.450695640407503
-0.202885515522212,0.885057087987661,195,survey5,3,-0.734706995077431
0.946348243393004,0.342350078746676,196,survey5,1,-0.219348755199462
-0.872347087133676,-0.710559552069753,197,survey5,1,0.243762313853949
-0.802248094696552,-0.777102139312774,198,survey5,1,0.049613896291703
-0.398188193328679,0.090207704808563,199,survey5,3,-0.819650090765208
0.955821855925024,-0.491256676148623,200,survey5,0,-0.415432401932776
0.83704097988084,-0.304682849906385,201,survey5,0,0.822461391333491
0.121640768833458,0.133515272289515,202,survey5,1,-0.0120670697651804
-0.948047901503742,-0.515117289498448,203,survey5,2,-0.318207047414035
-0.221645580604672,0.176784018054605,204,survey5,3,-0.0596966720186174
0.598371175583452,-0.198336807545275,205,survey5,0,0.346553253941238
-0.0138830686919391,-0.404111967887729,206,survey5,0,0.822716017253697
-0.318320517428219,-0.783755948301405,207,survey5,0,0.0569231221452355
-0.522976757027209,-0.996404690202326,208,survey5,0,0.680188761558384
0.0684908055700362,-0.395713974256068,209,survey5,0,0.215444317553192
-0.595470283646137,0.649590831715614,210,survey5,0,-0.198579032439739
-0.480030071455985,-0.427591795567423,211,survey5,0,0.471946537494659
0.429022651165724,0.865993897430599,212,survey5,8,-0.675792229361832
0.707656093407422,-0.794279228430241,213,survey5,0,0.619147066026926
-0.588365729898214,0.837190248072147,214,survey5,8,-0.797383883502334
0.265217675827444,-0.825371403247118,215,survey5,0,0.667888126801699
-0.0607585599645972,0.429734464734793,216,survey5,0,0.966879115905613
0.404668557457626,0.815106027759612,217,survey5,13,-0.528806140646339
-0.978292364627123,0.27392660593614,218,survey5,3,-0.510161122307181
-0.823906265199184,0.724042320623994,219,survey5,4,-0.126021483913064
0.956363432575017,-0.627466346602887,220,survey5,0,-0.212772937491536
-0.0272678197361529,0.0845051892101765,221,survey5,0,0.499905670527369
-0.389743144623935,-0.634466661605984,222,survey5,0,0.447619607672095
0.527183544822037,0.172844837419689,223,survey5,0,0.81116554653272
0.980680149979889,0.196083936840296,224,survey5,2,-0.483709416817874
0.135102168191224,-0.52591424388811,225,survey5,0,-0.964304487220943
-0.883993949741125,-0.989758675452322,227,survey5,16,-0.978272899053991
-0.769011029973626,-0.848686062265188,228,survey5,8,-0.92106826370582
-0.00107234437018633,0.594007510691881,229,survey5,1,0.420169058721513
0.206120439339429,-0.085793231613934,230,survey5,0,0.0686852252110839
0.657035453245044,0.718879980500788,231,survey5,2,0.257347550708801
-0.703898669686168,-0.88195178238675,232,survey5,7,-0.890362854581326
0.0569316665641964,0.294769180938602,233,survey5,3,-0.155150133185089
-0.360012201126665,-0.564931131899357,234,survey5,2,-0.72837435733527
-0.177484806161374,0.63735109847039,235,survey5,2,-0.295215981081128
0.487042763270438,0.127316628582776,236,survey5,1,-0.92465542210266
-0.820912938099355,0.511575629469007,237,survey5,2,-0.600769264623523
-0.253454937599599,0.00139888422563672,239,survey5,4,-0.722893771249801
0.339326330926269,-0.489686911460012,240,survey5,0,0.260286503937095
-0.387195809278637,0.032527782022953,241,survey5,0,0.772913219407201
0.475476987659931,0.993204909842461,242,survey5,2,0.835276965051889
-0.374208536464721,0.00888697570189834,243,survey5,1,-0.705094330012798
0.0360768865793943,0.377856669016182,244,survey5,3,-0.663647757843137
0.0759261203929782,0.386089371982962,245,survey5,5,-0.86824723193422
-0.283676141407341,0.493372703902423,247,survey5,1,0.41345078125596
-0.00670192250981927,0.483868631068617,248,survey5,4,-0.0486630308441818
-0.0378515380434692,0.724073949735612,249,survey5,6,-0.609460006002337
-0.596368355210871,-0.65900314040482,250,survey5,0,0.215438501909375
-0.14725951757282,0.40015005460009,251,survey5,0,0.566758308093995
-0.305914956144989,-0.288996831513941,252,survey5,0,-0.863594751339406
-0.66059979563579,-0.726285845041275,253,survey5,2,-0.51379380794242
-0.919385319575667,-0.32792986324057,254,survey5,10,-0.743927532806993
0.72152498876676,-0.677429968491197,255,survey5,0,-0.402794657275081
-0.576576457824558,-0.882968709338456,256,survey5,0,-0.530722327996045
0.929915567860007,0.435453535523266,257,survey5,2,-0.370777916628867
0.225962379015982,0.490046246908605,258,survey5,0,0.743298728950322
0.00395296979695559,0.963411727920175,260,survey5,0,0.318443531170487
-0.197098523378372,0.87393397744745,261,survey5,1,0.457594015169889
0.754853127524257,-0.554029356688261,263,survey5,0,-0.418107106816024
-0.623908783309162,-0.888362609315664,264,survey5,7,-0.686079273931682
0.27241932740435,-0.17042966093868,265,survey5,0,0.460199448280036
-0.215373961254954,-0.502031796146184,266,survey5,0,0.873310745693743
-0.321403351612389,0.189865147694945,267,survey5,0,0.425695372279733
